Algorithm,Average Bit Difference (%)
Blake2b,49.94290865384615
MD5,49.62740384615385
SHA-1,50.01602564102564
SHA-256,50.03605769230769
SHA3-256,50.05008012820513
