Algorithm,Average Entropy
Blake2b,5.763809553353676
MD5,3.9419642857142856
SHA-1,4.238822371032563
SHA-256,4.888266264744982
SHA3-256,4.866534159750754
