Algorithm,Average Standard Deviation
Blake2b,0.4993400623285963
MD5,0.24921774310974065
SHA-1,0.28010647959387547
SHA-256,0.3512112946255205
SHA3-256,0.35546329480285177
