Algorithm,Average Bit Difference (%)
Blake2b,49.99162109375
MD5,49.95859375
SHA-1,49.9991875
SHA-256,50.0215625
SHA3-256,49.99453125
