Algorithm,Chi-Square Statistic,p-value
BLAKE2b,248.35555555555555,0.5673758674463772
MD5,255.64444444444445,0.508574650447123
SHA-1,253.63555555555556,0.5284691443375101
SHA-256,251.73333333333332,0.5480110354685387
SHA3-256,250.66666666666666,0.5748808941799701
